{
  "global.update.outdated":"Your build is outdated",
  "global.update.error":"Version check failed",

  "global.color.white":"White",
  "global.color.orange":"Orange",
  "global.color.magenta":"Magenta",
  "global.color.light.blue":"Light Blue",
  "global.color.yellow":"Yellow",
  "global.color.lime":"Lime",
  "global.color.pink":"Pink",
  "global.color.gray":"Gray",
  "global.color.light.gray":"Light Gray",
  "global.color.cyan":"Cyan",
  "global.color.purple":"Purple",
  "global.color.blue":"Blue",
  "global.color.brown":"Brown",
  "global.color.green":"Green",
  "global.color.red":"Red",
  "global.color.black":"Black",

  "global.error.command.invalid": "This command doesn't exist, use %chelp for help.",
  "global.error.command.syntax": "Please use %s %s",

  "command.clearchat.syntax": "[history]",
  "command.clearchat.error": "Invalid parameter '%s'.",

  "command.creeper.syntax": "<x> <y> <z> [radius] [fuse]",
  "command.creeper.error.creative": "You must be in creative.",
  "command.creeper.error.given.position": "Please specify a position.",
  "command.creeper.error.invalid.position": "Position could not be parsed.",
  "command.creeper.error.invalid.radius": "Please specify a radius.",
  "command.creeper.error.invalid.fuse": "Please specify a fuse-time.",

  "command.profile.syntax": "<player>",
  "command.profile.info.search": "The previous search has been canceled to start the new one.",
  "command.profile.error.search": "An error occurred while searching for '%s'",
  "command.profile.info.modulename": "PlayerProfile",
  "command.profile.info.name": "Name: %s",
  "command.profile.info.uuid": "UUID: %s",

  "command.toggle.syntax": "<module>",
  "command.toggle.error.given.module": "Please specify a module.",
  "command.toggle.error.invalid.module": "The module '%s' could not be found.",
  "command.toggle.error.toggle.on": "The Module '%s' was Enabled.",
  "command.toggle.error.toggle.off": "The Module '%s' was Disabled.",

  "command.help.syntax": "[module/page]",
  "command.help.error.page": "The page '%s' does not exist.",
  "command.help.error.parse.module": "The module '%s' could not be found.",

  "command.skull.syntax": "<player>",
  "command.skull.error.creative": "You must be in creative.",

  "command.give.syntax": "<item> [amount] [nbt]",
  "command.give.error.creative": "You must be in creative.",
  "command.give.error.parse.item": "That item could not be found.",
  "command.give.error.parse.amount": "Please specify the amount.",
  "command.give.error.parse.nbt": "Invalid NBT specified.",

  "command.nbt.syntax": "[Tree/Copy/CopyRaw]",
  "command.nbt.error.parse.item": "Please take an item.",
  "command.nbt.error.parse.nbt": "No NBT-Tags found.",

  "command.say.syntax": "<text>",

  "command.slime.syntax": "<x> <y> <z> [size]",
  "command.slime.error.creative": "You must be in creative.",
  "command.slime.error.present.position": "Please specify a position.",
  "command.slime.error.parse.position": "Could not parse position.",
  "command.slime.error.parse.size": "Please specify the size.",

  "command.vclip.syntax": "<high>",
  "command.vclip.error.parse.high": "Please specify the height.",

  "command.setting.syntax": "<module> [setting] [value]",
  "command.settings.error.parse.module": "The module '%s' could not be found.",
  "command.settings.error.parse.setting": "The module '%s' has not setting with the name '%s'.",
  "command.settings.info.value": "The setting '%s' has the value '%s'.",
  "command.setting.error.load": "Failed to load the value '%s'.",
  "command.setting.info.load": "Successfully loaded the value '%s'.",

  "command.bind.syntax": "<module> <keyname>",
  "command.bind.error.parse.module": "The module '%s' could not be found.",
  "command.bind.error.given.keycode": "Please specify a keybind.",
  "command.bind.error.parse.keycode": "The Keybind '%s' could not be found.",
  "command.bind.info.success": "The Module '%s' was bound to '%s'.",

  "module.sprint.description": "Sprints automatically.",
  "module.entityfly.description": "Fly with entity's that can be ridden.",
  "module.fullbright.description": "Sets the brightness to full.",
  "module.step.description": "Instantly steps up blocks.",
  "module.nofall.description": "Don't take falldamage.",
  "module.esp.description": "Renders an outline for entity's through walls.",
  "module.teleport.description": "Teleports you or the entity your riding to the location your are currently looking at.",
  "module.velocity.description": "Modify the amount of knockback you take.",
  "module.fastplace.description": "Place block very fast.",
  "module.fastbreak.description": "Break blocks faster when in creative.",
  "module.ghostsight.description": "Fly through the world while the server thing that you are just afk.",
  "module.invmove.description": "Move while having an inventory opened.",
  "module.autowalk.description": "Walks automatically.",

  "module.asedit.description": "Edit a virtual armorstand and afterwards get it as an item.",
  "module.asedit.gui.button.baseplate.on": "Baseplate: §2On",
  "module.asedit.gui.button.baseplate.off": "Baseplate: §4Off",
  "module.asedit.gui.button.arms.on": "Arms: §2On",
  "module.asedit.gui.button.arms.off": "Arms: §4Off",
  "module.asedit.gui.button.small.on": "Small: §2Yes",
  "module.asedit.gui.button.small.off": "Small: §4No",
  "module.asedit.gui.button.gravity.on": "Gravity: §2On",
  "module.asedit.gui.button.gravity.off": "Gravity: §4Off",
  "module.asedit.gui.button.visible.on": "Visible: §2Yes",
  "module.asedit.gui.button.visible.off": "Visible: §4No",
  "module.asedit.gui.button.vulnerable.on": "Vulnerable: §2Yes",
  "module.asedit.gui.button.vulnerable.off": "Vulnerable: §4No",
  "module.asedit.gui.button.glowing.on": "Glowing: §2Yes",
  "module.asedit.gui.button.glowing.off": "Glowing: §4No",
  "module.asedit.gui.button.customnamevisible.on": "Name: §2Yes",
  "module.asedit.gui.button.customnamevisible.off": "Name: §4No",
  "module.asedit.gui.equip.remove": "Remove",
  "module.asedit.gui.equip.copy.mainhand": "Copy Mainhand",
  "module.asedit.gui.equip.copy.offhand": "Copy Offhand",
  "module.asedit.gui.equip.copy.feet": "Copy Boots",
  "module.asedit.gui.equip.copy.legs": "Copy Leggings",
  "module.asedit.gui.equip.copy.chest": "Copy Chestplate",
  "module.asedit.gui.equip.copy.head": "Copy Helmet",
  "module.asedit.gui.equip.mainhand": "Hand",
  "module.asedit.gui.equip.offhand": "Offhand",
  "module.asedit.gui.equip.feet": "Boots",
  "module.asedit.gui.equip.chest": "Chest",
  "module.asedit.gui.equip.head": "Head",
  "module.asedit.gui.equip.legs": "Legs",

  "module.headwriter.description":"Write text with heads.",
  "module.headwriter.error.unloaded": "The alphabets could not be loaded.",
  "module.headwriter.error.gui": "Please active the module only from the gui.",
  "module.headwriter.error.creative": "It look like you are not in creative. Disabling Headwriter.",

  "module.bannerwriter.description":"Write text with banners.",
  "module.bannerwriter.error.gui":"Please active the module only from the gui.",
  "module.bannerwriter.error.creative": "It look like you are not in creative. Disabling Bannerwriter."
}
